0a88bec4-f4f8-4bf0-8cd4-b16140060ed2	0	13f12aa4207b73b676e70c5ee7ac54f1.webp	69e1a802-16db-4768-92f2-986e636f65ae,b41c4dc9-adfd-4673-8cb0-ab2b81be6e36
6380ad93-a182-4f1a-833f-d4ed02f4db47	0	b27c854953af8f1993c8ca5a51af6d31.webp	69e1a802-16db-4768-92f2-986e636f65ae,94e434f5-8d2d-4e3a-93bf-0155d79ccb4a
1ae4317a-5bff-4e92-9e92-3f160167a21e	0	ded6cd5071b06a4fa01e2be5acd62c9c.webp	69e1a802-16db-4768-92f2-986e636f65ae,94e434f5-8d2d-4e3a-93bf-0155d79ccb4a
0fc1b383-793a-4fd8-905c-930ce2ee402f	0	62d38530f4aeac906d0a9233cc0e8bdc.webp	69e1a802-16db-4768-92f2-986e636f65ae,94e434f5-8d2d-4e3a-93bf-0155d79ccb4a
b6d46936-af97-41c3-969b-a0c045f4a9b6	0	cb687f65eba00824f4a495a23980dbcd.webp	69e1a802-16db-4768-92f2-986e636f65ae,94e434f5-8d2d-4e3a-93bf-0155d79ccb4a
ebae0d32-5a8b-4a0a-ab27-bbc459892f18	0	0413f47b4db4d57c7baa8581c9ec9d5b.webp	69e1a802-16db-4768-92f2-986e636f65ae,db384eff-642a-49e1-a50b-02b425ef08fb,b41c4dc9-adfd-4673-8cb0-ab2b81be6e36
288c721c-1d9d-42ee-a983-8b7af1726919	0	9ab614a5521afca56cb9b7b888db0e9c.webp	69e1a802-16db-4768-92f2-986e636f65ae,94e434f5-8d2d-4e3a-93bf-0155d79ccb4a
d1b8ee35-8b4d-42ed-b38c-a6de1f2b511a	0	f50a59e49b0a1fd91608fc071f141cf2.webp	69e1a802-16db-4768-92f2-986e636f65ae,115bc772-e2c1-4b4f-bf14-471626297647
301049b5-d085-4389-9914-8296f3f0514f	0	52650ade44c23a41a7300709b05fb1a3.webp	69e1a802-16db-4768-92f2-986e636f65ae,94e434f5-8d2d-4e3a-93bf-0155d79ccb4a
987e42b4-849c-4938-b066-9245284606da	0	6d13bceb68030de4ba849de97daa0b1a.webp	69e1a802-16db-4768-92f2-986e636f65ae,94e434f5-8d2d-4e3a-93bf-0155d79ccb4a
6eaffcc4-0c3e-44cd-bc6a-5e343456e3f3	0	6b5b8c1e707525fce6f553265ab3bc99.webp	69e1a802-16db-4768-92f2-986e636f65ae,94e434f5-8d2d-4e3a-93bf-0155d79ccb4a
1a11a60e-0b38-4387-b8b5-f998186c4135	0	92c53d9bce22584fe952c429591e311a.webp	69e1a802-16db-4768-92f2-986e636f65ae,94e434f5-8d2d-4e3a-93bf-0155d79ccb4a
b3b88ada-daf4-43fa-b06a-b04628511a65	0	1537ffcd34507c9077a39bef7e78664d.webp	69e1a802-16db-4768-92f2-986e636f65ae,94e434f5-8d2d-4e3a-93bf-0155d79ccb4a
41b3c4ba-fcb6-4228-af38-5f22aeab03bc	0	a0268a86b6e210d2367b8fb645cadd9c.webp	69e1a802-16db-4768-92f2-986e636f65ae,94e434f5-8d2d-4e3a-93bf-0155d79ccb4a
8d05fb54-f064-4afd-aa63-eb87f142ba63	0	4b5e263d6a019947c578d14158e44d41.webp	69e1a802-16db-4768-92f2-986e636f65ae,94e434f5-8d2d-4e3a-93bf-0155d79ccb4a
51d259da-8385-4701-a26e-f01dc402fa85	0	3efa65ade995ab98cd6f8e5fc9190a81.webp	69e1a802-16db-4768-92f2-986e636f65ae,94e434f5-8d2d-4e3a-93bf-0155d79ccb4a
305fed57-39f6-4f62-8b95-6dbc3a30366f	0	8f0545dd694ef57f58ca53f028a0b0f2.webp	68544d2f-6f21-4a69-bd3e-f6d7698484c3
0cd39d19-1d12-405c-9bac-c48962d8a6c2	0	c47201fab70cdf20bc2384fd3c8186e7.webp	75779f2c-3d4d-429c-8622-78bb57510846,7094259c-43ce-42ef-b3ef-86ebb7765561
40599217-9af1-4d94-8294-836b422f4956	0	8948cc1b48bdc5d18efe10cc7d5a6ca7.webp	162e4e7f-845d-49ad-8476-dcd7e963f869
c4f8723d-cd49-4071-b115-389ed19f4c29	0	51a663d6a96f016509e14b9b7550912f.webp	32e9794d-ee4d-4629-a661-52618ee39b87
3986f878-bc7b-4f19-9348-3562abbce372	0	bd3e7846b1b4815d1b7d2a364a446f3d.webp	69e1a802-16db-4768-92f2-986e636f65ae,94e434f5-8d2d-4e3a-93bf-0155d79ccb4a,918d25bd-db75-4d68-8087-c6a4e8ba274e
4c82768d-46f0-485a-89bd-efa1914c8413	0	5532fd8e1679b39a1ca61a0e42b19098.webp	69e1a802-16db-4768-92f2-986e636f65ae,115bc772-e2c1-4b4f-bf14-471626297647,f2711810-4130-4442-8ef5-41d06bbdeebe
37539189-a026-428e-8c56-bc5590ee3918	0	eb69bfcbc5a8ddb3f660c20c156aecd3.webp	69e1a802-16db-4768-92f2-986e636f65ae,115bc772-e2c1-4b4f-bf14-471626297647,5fd882da-3f0c-4d7f-8365-9204000993c0
f3da88d5-7fce-486c-9164-e8ee6c51e1e7	0	6e38537642a714c3e0aedbbd87e8b4de.webp	69e1a802-16db-4768-92f2-986e636f65ae,115bc772-e2c1-4b4f-bf14-471626297647,3024f68b-4043-4931-bdf5-ca230a22b64a,2ad9cbde-7221-4922-ab21-c9949a2a4924
3f1bf9e3-8e77-4411-93b9-5a2838a7c7a1	0	60f4f04c156f6f38135b55541d158f7f.webp	69e1a802-16db-4768-92f2-986e636f65ae,db384eff-642a-49e1-a50b-02b425ef08fb,f1831d15-28e2-46ee-972d-408390f65bbf,9a1b5749-93e1-41e4-b58e-35101089c273,b41c4dc9-adfd-4673-8cb0-ab2b81be6e36
ad61a721-c130-4066-b722-3664cc7447b5	0	57d13dc417add734eba2a3fa5efbcab8.webp	69e1a802-16db-4768-92f2-986e636f65ae,94e434f5-8d2d-4e3a-93bf-0155d79ccb4a,995f2ab3-18a9-4056-8856-64f3eeb14891,306c697e-b732-4b7b-b508-c17dd42653a8
a615613e-d580-4218-a30c-0371653c5bc4	0	10fc55d1ef25c4f1b864dd08dc86c338.webp	69e1a802-16db-4768-92f2-986e636f65ae,bfc6b5fb-d03e-4db9-90e0-bd882cf46705,b41c4dc9-adfd-4673-8cb0-ab2b81be6e36
19fe516c-bbdd-4330-a4d1-0276b0192d7d	0	2f63d1e815b59887abff3c8f1ee5ccdd.webp	db384eff-642a-49e1-a50b-02b425ef08fb
93b546a5-4f2e-43a3-8e9b-4a96f5640c9d	0	031eb89c29d2fd939702e967c079094c.webp	69e1a802-16db-4768-92f2-986e636f65ae,f60ea89e-559c-4e73-a92f-c7e92197eeb8,a9c494f0-9821-4e56-a1aa-e7e7d9f8f761
eba1da32-8177-47b0-813f-e439b3017aa1	0	ac8a38b7e1628e6823e015b7198e117a.webp	8a932add-5a0e-4bcd-90a8-1747a1d33a93,a9c494f0-9821-4e56-a1aa-e7e7d9f8f761
a040230a-adf3-4753-a9e7-b7c72edbc610	0	8e979a6e9daf22a3395a43b14c560556.webp	55504cc0-75c7-42de-a572-a4c32d6c030d,a9c494f0-9821-4e56-a1aa-e7e7d9f8f761
e26d16c8-8a07-418b-ad89-e29f08987c44	0	8ac7a76d29383ade6bcb46334af51107.webp	b15a3fde-6206-4a4e-b62a-1cbab5066b72
c4bc8957-9ad4-4caf-92a2-add4ca7fe3aa	0	c4c58f7ccd73e7b33dd1084b2a42990e.webp	8dbb9d5b-3d1f-4ae2-bb20-3144d8a6703b
72bde8e4-7c3b-412b-a8d1-efac69dd3ada	0	7e0e3000b2f73e065708bf84deb40d75.webp	e15247f6-7567-4ca6-aaf3-2a640d75168b,dda8352e-e972-47b0-ae83-f3fb2adc4a3c
59d299dc-52be-4172-a213-011121075522	0	bb641be684fb6a6d52825450e564e8a7.webp	6b62fa7f-b2c9-4a89-8c3b-b1db54787098,dda8352e-e972-47b0-ae83-f3fb2adc4a3c
a3849d9f-9ea9-474e-aba7-18940cea2a07	0	c6e3e276698073d5b38a9ee9cae6bce0.webp	4f2ca731-7c30-484b-8b75-b7119c5c4774,dda8352e-e972-47b0-ae83-f3fb2adc4a3c
99a160dd-959a-44c3-9f13-9428e0a48e24	0	f6d5771a8eba46280b510bdb514643b0.webp	f870c707-bf87-464c-9173-66ec37b5acfb
